Country_ID,Country_name,Major_region,Region,Development
EGY,Egypt,Africa,Northern Africa,Less developed regions
ETH,Ethiopia,Africa,Eastern Africa,Less developed regions
GHA,Ghana,Africa,Western Africa,Less developed regions
KEN,Kenya,Africa,Eastern Africa,Less developed regions
MAR,Morocco,Africa,Northern Africa,Less developed regions
RWA,Rwanda,Africa,Eastern Africa,Less developed regions
NGA,Nigeria,Africa,Western Africa,Less developed regions
ZAF,South Africa,Africa,Southern Africa,Less developed regions